INSERT INTO USERS (UserID, Username, FirstName, LastName, DateOfBirth, Password, DateAdded) VALUES
(1, 'jjope0', 'Jennette', 'Jope', '2006-07-20', 'qQ4"fzqWQxbhf', '2024-02-07T17:37:29Z'),
(2, 'estapford1', 'Elissa', 'Stapford', '2008-01-28', 'oS9.ZN@l', '2023-11-24T22:03:56Z'),
(3, 'blillecrap2', 'Bernelle', 'Lillecrap', '2006-09-15', 'rT8|CZD@QB', '2023-11-21T00:47:42Z'),
(4, 'oandryunin3', 'Olva', 'Andryunin', '1998-05-23', 'vR0~Vlc2F{=)EQ3', '2024-02-25T19:02:46Z'),
(5, 'ehusset4', 'Egon', 'Husset', '2009-08-08', 'xT8=yHn\z@', '2024-07-29T23:38:19Z'),
(6, 'pwybern5', 'Peggi', 'Wybern', '2004-09-18', 'mA5/v2{mDQ+l', '2023-09-13T06:52:02Z'),
(7, 'gheathfield6', 'Griffy', 'Heathfield', '2013-02-11', 'qB9}cd08_spQHuM', '2024-03-21T12:20:16Z'),
(8, 'lcunliffe7', 'Leigh', 'Cunliffe', '1998-06-11', 'hB5|Z6?4t', '2024-03-14T04:37:49Z'),
(9, 'sollerenshaw8', 'Sigvard', 'Ollerenshaw', '1998-04-19', 'uX3/T~o}J''|K#', '2024-02-09T10:12:05Z'),
(10, 'akirmond9', 'Adrienne', 'Kirmond', '2012-06-08', 'hA8{I!}kW!fWMV', '2024-06-14T20:05:49Z'),
(11, 'dclohissya', 'Deana', 'Clohissy', '2014-01-22', 'pL3*}bR?', '2024-07-29T12:23:56Z'),
(12, 'acampeyb', 'Addie', 'Campey', '2013-04-01', 'gN8|n{Y_', '2024-01-07T11:31:11Z'),
(13, 'ubennallckc', 'Urbanus', 'Bennallck', '1998-03-18', 'qV2$EI,9e', '2023-11-30T22:18:17Z'),
(14, 'gselvesterd', 'Gail', 'Selvester', '2009-12-28', 'nA5*VVurN#"~3O', '2024-04-05T03:53:12Z'),
(15, 'vsoppere', 'Velvet', 'Sopper', '2006-11-14', 'xI4?"h\zW6', '2023-10-30T10:51:18Z'),
(16, 'cstrowtherf', 'Clarice', 'Strowther', '2010-11-19', 'aY1<ELex', '2024-07-10T22:16:50Z'),
(17, 'vprobackg', 'Vergil', 'Proback', '2012-03-17', 'dC3~|c!0', '2024-06-19T22:43:10Z'),
(18, 'santushevh', 'Steffi', 'Antushev', '2014-07-05', 'xH3<7cG1&&', '2023-09-30T13:52:25Z'),
(19, 'bcolefordi', 'Bridget', 'Coleford', '2003-02-19', 'uV4~we(5qruD', '2023-09-22T12:03:38Z'),
(20, 'bcalwellj', 'Barn', 'Calwell', '1998-11-01', 'mE6>\+Z$', '2024-03-09T19:07:35Z'),
(21, 'pmeriguetk', 'Pammi', 'Meriguet', '2013-08-11', 'dO1.\>Cx', '2024-03-09T08:12:10Z'),
(22, 'mmckanel', 'Maggy', 'McKane', '2009-09-26', 'zC0>$wQFv(cZ1I4', '2024-08-18T08:04:49Z'),
(23, 'lkalaherm', 'Lynelle', 'Kalaher', '2009-10-04', 'jV6>!zYXue<(x', '2023-10-27T13:55:36Z'),
(24, 'nhalmsn', 'Nessie', 'Halms', '2009-05-24', 'bB7@SX=J.kh=Aj', '2023-11-26T05:58:16Z'),
(25, 'wbibbo', 'Willy', 'Bibb', '2010-08-24', 'dE5#I{mb&JJG', '2024-02-06T06:47:01Z');

INSERT INTO Friends (FriendID, FriendWhoAdded, FriendBeingAdded, IsAccepted, DateAdded) VALUES
(1, 5, 24, false, '2008-03-15T03:40:30Z'),
(2, 8, 22, true, '2015-05-30T02:12:58Z'),
(3, 15, 17, true, '2007-07-17T17:34:57Z'),
(4, 18, 21, false, '2019-12-09T15:17:09Z'),
(5, 6, 12, true, '1998-09-27T18:43:19Z'),
(6, 10, 12, true, '2017-04-20T11:09:41Z'),
(7, 10, 5, false, '2016-02-24T12:29:38Z'),
(8, 4, 18, false, '2000-06-26T02:25:55Z'),
(9, 25, 5, true, '2024-09-16T12:03:57Z'),
(10, 19, 5, false, '2012-05-06T07:48:49Z'),
(11, 11, 1, false, '2017-08-24T04:15:45Z'),
(12, 14, 5, true, '2024-01-05T18:38:53Z'),
(13, 11, 24, true, '2013-08-17T19:30:06Z'),
(14, 2, 25, false, '2023-10-28T12:25:20Z'),
(15, 3, 23, true, '2015-03-28T01:22:22Z'),
(16, 12, 5, true, '2014-05-23T09:04:29Z'),
(17, 9, 12, true, '2011-10-26T01:56:20Z'),
(18, 3, 24, true, '2009-10-28T16:31:57Z'),
(19, 20, 6, false, '2015-09-27T00:52:29Z'),
(20, 16, 6, false, '2022-09-26T11:20:57Z'),
(21, 2, 15, true, '1999-11-24T01:38:44Z'),
(22, 13, 15, true, '1998-10-20T14:52:34Z'),
(23, 21, 14, true, '2001-09-29T19:01:36Z'),
(24, 13, 12, true, '2016-09-01T13:22:00Z'),
(25, 1, 8, true, '2018-12-08T06:31:04Z');

INSERT INTO Groups (GroupID, GroupName, CreatedBy, DateAdded) VALUES
(1, 'Bald eagle', 11, '2000-03-27 00:30:45'),
(2, 'Yellow-headed caracara', 21, '2014-05-21 03:06:55'),
(3, 'Green-winged trumpeter', 1, '2007-05-07 22:29:03'),
(4, 'Malleefowl', 8, '2001-09-01 00:45:32'),
(5, 'Black-crowned crane', 19, '2014-11-09 10:59:33'),
(6, 'Black rhinoceros', 11, '2014-08-13 01:33:28'),
(7, 'Tortoise, burmese black mountain', 7, '2018-10-04 13:19:54'),
(8, 'Southern brown bandicoot', 2, '2018-04-07 23:38:35'),
(9, 'Squirrel, arctic ground', 24, '2000-03-31 07:00:30'),
(10, 'Brown pelican', 3, '2023-01-09 09:09:36'),
(11, 'Silver-backed jackal', 6, '2014-01-02 13:14:53'),
(12, 'Lava gull', 23, '1999-03-08 16:51:15'),
(13, 'Jungle kangaroo', 14, '2006-06-20 21:46:54'),
(14, 'Francolin, swainson''s', 20, '1998-10-25 11:32:07'),
(15, 'Little grebe', 1, '2017-01-07 09:31:40'),
(16, 'Small-clawed otter', 25, '2012-01-20 02:35:44'),
(17, 'Bulbul, black-eyed', 25, '2004-04-06 14:31:42'),
(18, 'Black-faced kangaroo', 3, '2017-01-22 13:28:01'),
(19, 'Seven-banded armadillo', 14, '1998-09-04 06:41:29'),
(20, 'Kite, black', 23, '2008-04-17 23:56:39'),
(21, 'Glider, feathertail', 17, '2012-08-18 14:02:40'),
(22, 'Whale, southern right', 5, '2012-10-07 16:15:39'),
(23, 'Grouse, sage', 16, '2018-09-18 11:43:19'),
(24, 'Burmese brown mountain tortoise', 24, '2023-10-09 23:04:49'),
(25, 'Otter, giant', 13, '2023-01-01 15:34:42');

INSERT INTO Posts (PostID, PostDescription, PostedBy, IsPublic, IsOnlyForFriends, GroupID, DatePosted) VALUES
(1, 'amet', 7, false, false, 8, '2009-07-30 14:59:37'),
(2, 'curae nulla dapibus dolor vel est donec odio justo', 25, false, false, 20, '2005-09-02 15:13:51'),
(3, 'augue vestibulum rutrum rutrum neque aenean', 17, true, true, 11, '2005-06-06 23:34:12'),
(4, 'a', 6, false, false, 12, '2012-11-17 03:30:24'),
(5, 'tortor', 9, false, false, 2, '2022-11-06 22:26:09'),
(6, 'sit amet consectetuer adipiscing', 16, true, true, 3, '2000-04-15 04:32:03'),
(7, 'tortor sollicitudin mi sit', 24, true, false, 6, '2013-04-14 10:39:05'),
(8, 'congue', 5, true, false, 18, '2008-06-12 16:37:26'),
(9, 'a nibh in quis justo maecenas rhoncus aliquam', 15, true, false, 1, '2021-04-01 03:39:42'),
(10, 'potenti cras in purus eu magna vulputate', 16, false, false, 16, '2011-11-24 07:19:44'),
(11, 'tempus vel pede morbi porttitor lorem', 1, false, true, 23, '2016-05-25 01:51:49'),
(12, 'dui luctus rutrum nulla tellus', 5, false, false, 1, '2023-01-20 02:03:08'),
(13, 'tellus nisi eu orci mauris', 22, false, false, 25, '2000-01-21 07:00:58'),
(14, 'sit amet nulla quisque arcu libero', 5, false, false, 5, '2010-10-26 17:16:57'),
(15, 'erat id mauris vulputate elementum nullam varius nulla', 1, true, true, 16, '2007-12-24 12:17:17'),
(16, 'eros viverra eget congue eget', 1, false, true, 17, '2023-10-13 02:16:38'),
(17, 'nulla sed vel enim sit', 17, true, false, 9, '2022-11-30 09:14:25'),
(18, 'rutrum rutrum neque aenean auctor gravida', 9, true, true, 20, '2012-06-17 13:47:41'),
(19, 'nonummy integer non', 13, true, false, 10, '2003-08-11 19:11:04'),
(20, 'pede lobortis ligula sit amet eleifend pede libero', 14, false, true, 8, '2022-12-05 05:31:40'),
(21, 'odio', 12, false, false, 15, '2008-04-13 08:40:25'),
(22, 'nullam sit', 18, false, true, 10, '2017-06-28 02:25:14'),
(23, 'odio elementum eu', 6, false, true, 4, '2004-10-04 18:10:39'),
(24, 'dignissim vestibulum vestibulum ante ipsum primis in', 13, true, false, 16, '2003-09-26 11:14:09'),
(25, 'leo odio', 25, true, false, 24, '2006-11-15 23:16:15');
(26, 'massa donec dapibus duis at velit eu est congue elementum in hac habitasse platea dictumst morbi vestibulum', 4, true, true, 8, '2010-09-22 14:50:38'),
(27, 'aliquam convallis nunc proin at turpis a pede posuere nonummy integer non velit donec diam neque vestibulum', 18, false, false, 25, '2006-05-23 01:54:17'),
(28, 'congue vivamus metus arcu adipiscing molestie hendrerit at vulputate vitae nisl aenean lectus pellentesque eget', 3, false, false, 16, '2010-01-07 15:03:50'),
(29, 'cras pellentesque volutpat dui maecenas tristique est et tempus semper est quam pharetra magna ac consequat', 4, true, true, 21, '2009-04-05 02:36:04'),
(30, 'tortor duis mattis egestas metus aenean fermentum donec ut mauris eget massa tempor convallis nulla neque', 4, true, false, 12, '2009-12-10 13:16:06');


INSERT INTO GroupMembershipRequests (GroupMemberShipRequestsID, GroupID, GroupMemberUserID, IsGroupMemberShipAccepted, DateAccepted) VALUES
(1, 8, 11, true, '2006-07-09 17:38:23'),
(2, 25, 15, true, '2000-10-19 01:05:43'),
(3, 13, 23, true, '2001-03-30 05:10:48'),
(4, 9, 8, true, '2016-07-21 01:48:29'),
(5, 18, 5, true, '1999-09-06 17:03:23'),
(6, 25, 5, false, '2016-11-30 03:37:22'),
(7, 21, 19, false, '2020-12-22 11:44:54'),
(8, 16, 1, true, '1999-02-08 18:49:50'),
(9, 16, 16, false, '1999-10-27 07:40:01'),
(10, 20, 4, true, '2006-03-06 19:57:13'),
(11, 23, 7, true, '2002-09-28 22:13:01'),
(12, 19, 1, true, '1998-11-17 15:11:29'),
(13, 13, 24, true, '2019-02-21 13:57:46'),
(14, 24, 16, false, '2017-04-17 10:08:15'),
(15, 7, 25, true, '2022-01-05 19:03:41'),
(16, 14, 14, true, '2010-02-25 15:56:42'),
(17, 4, 6, false, '2007-03-24 20:08:00'),
(18, 24, 8, true, '2006-07-08 23:12:44'),
(19, 4, 25, true, '2022-08-31 13:47:14'),
(20, 24, 15, true, '2009-07-15 00:21:28'),
(21, 2, 2, false, '2004-10-08 16:10:42'),
(22, 3, 22, true, '1999-03-26 18:11:43'),
(23, 6, 11, false, '1998-05-10 15:34:11'),
(24, 19, 11, true, '2023-01-23 15:17:56'),
(25, 23, 23, true, '2001-07-24 18:43:06');
